Regio's,voorraad_median,voorraad_min,voorraad_max,nieuwbouw_median,nieuwbouw_min,nieuwbouw_max,dif_voorraad,dif_nieuwbouw
's-Gravenhage (gemeente),253210,241378,262492,1429,84,2820,8.747276056641454,3357.142857142857
's-Hertogenbosch,69726,63223,72991,582,346,1007,15.450073549183045,291.04046242774564
Aa en Hunze,11173,11131,12414,19,6,85,11.526367801635075,1416.6666666666665
Aalburg,5020,4769,5109,43,29,80,7.129377227930391,275.86206896551727
Aalsmeer,12888,12267,13217,73,32,252,7.744354772968137,787.5
Aalten,11811,11451,11976,44,23,75,4.584752423369139,326.0869565217391
Achtkarspelen,11946,11663,12129,40,30,80,3.9955414558861406,266.66666666666663
Alblasserdam,8220,8083,8353,36,12,80,3.3403439317085173,666.6666666666667
Albrandswaard,10208,9822,10517,45,2,175,7.075951944614118,8750.0
Alkmaar,50346,43703,51339,189,127,371,17.472484726448982,292.12598425196853
Almelo,32417,31995,33549,170,54,363,4.857008907641827,672.2222222222223
Almere,79721,76755,85977,792,573,1653,12.014852452608963,288.4816753926702
Alphen aan den Rijn,45968,31005,48178,378,94,644,55.38784067085953,685.1063829787234
Alphen-Chaam,4214,3936,4371,52,26,86,11.051829268292693,330.7692307692308
Altena,22310,22221,22399,189,184,194,0.8010440574231552,105.43478260869566
Ameland,1674,1547,1737,6,0,12,12.281835811247575,inf
Amersfoort,65289,63442,67722,463,259,874,6.746319472904389,337.4517374517375
Amstelveen,42035,41304,43045,280,73,625,4.215088127057911,856.1643835616438
Amsterdam,424390,408888,447351,4914,2449,7530,9.406732405940005,307.47243772968557
Apeldoorn,70615,67968,73244,525,339,866,7.762476459510353,255.45722713864305
Appingedam,5881,5732,6042,42,17,140,5.408234473133277,823.5294117647059
Arnhem,72711,69605,76737,665,383,909,10.24639034552115,237.33681462140993
Assen,30737,29854,32154,284,84,531,7.704160246533135,632.1428571428571
Asten,6717,6337,6899,36,13,132,8.868549786965445,1015.3846153846154
Baarle-Nassau,2746,2681,2875,25,2,67,7.236105930622898,3350.0
Baarn,11586,11071,11679,67,2,169,5.491825490018968,8450.0
Barendrecht,18918,18421,19416,107,45,192,5.401444004125722,426.6666666666667
Barneveld,20938,19699,22799,350,74,573,15.736839433473776,774.3243243243243
Bedum,4529,4424,4614,24,0,57,4.294755877034362,inf
Beek (L.),7416,7360,7488,5,0,49,1.739130434782595,inf
Beekdaelen,16635,16635,16635,56,37,76,0.0,205.4054054054054
Beemster,3657,3422,4036,52,9,143,17.942723553477506,1588.888888888889
Beesel,5925,5882,5965,7,4,78,1.4110846650799118,1950.0
Bellingwedde,4132,4116,4168,0,0,10,1.2633624878522767,inf
Berg en Dal,15518,15282,15802,90,64,123,3.402695982201294,192.1875
Bergambacht,4019,3942,4142,101,39,111,5.073566717402329,284.61538461538464
Bergeijk,7742,7456,7970,55,29,111,6.893776824034333,382.7586206896552
Bergen (L.),5619,5480,5760,33,0,52,5.109489051094897,inf
Bergen (NH.),14988,14635,15344,45,4,145,4.844550734540491,3625.0
Bergen op Zoom,29916,29604,30884,123,60,455,4.323740035130385,758.3333333333333
Berkelland,19458,18879,19541,100,46,181,3.5065416600455563,393.47826086956525
Bernheze,12044,11307,12714,112,47,300,12.443618997081458,638.2978723404256
Bernisse,5499,5378,5517,22,21,28,2.5846039419858755,133.33333333333331
Best,12031,11703,12698,102,69,276,8.502093480304197,400.0
Beuningen,10667,10365,11137,92,29,211,7.448142788229632,727.5862068965517
Beverwijk,18846,18325,19403,107,56,312,5.882673942701231,557.1428571428571
Binnenmaas,12565,12428,12809,116,66,127,3.065658191181214,192.42424242424244
Bladel,8417,8061,8746,68,49,170,8.497704999379735,346.9387755102041
Blaricum,4363,3888,5075,107,35,279,30.529835390946488,797.1428571428571
Bloemendaal,9653,9439,10034,46,14,136,6.303633859519024,971.4285714285713
Boarnsterhim,8415,8376,8455,40,20,60,0.9431709646609505,300.0
Bodegraven-Reeuwijk,14008,13441,14499,158,82,289,7.871438137043384,352.4390243902439
Boekel,3975,3670,4248,75,10,150,15.749318801089913,1500.0
Borger-Odoorn,11644,11374,11734,38,2,65,3.165113416564097,3250.0
Borne,9316,8951,9954,93,55,202,11.205451904815106,367.2727272727273
Borsele,9719,9543,9821,59,19,127,2.913130042963431,668.421052631579
Boskoop,6222,6168,6276,80,51,110,1.7509727626459153,215.68627450980392
Boxmeer,11896,11441,12568,146,51,265,9.850537540424796,519.6078431372549
Boxtel,13296,12729,13401,50,27,114,5.279283525807216,422.22222222222223
Breda,81649,77017,84567,523,296,1099,9.803030499759785,371.28378378378375
Brielle,7683,7157,8029,67,11,195,12.18387592566718,1772.7272727272727
Bronckhorst,16074,15566,16198,53,15,76,4.060131054863163,506.66666666666663
Brummen,9250,9039,9348,39,14,91,3.418519747759703,650.0
Brunssum,14493,14255,14555,23,10,114,2.1045247281655577,1140.0
Bunnik,6269,5940,6392,63,6,136,7.609427609427598,2266.666666666667
Bunschoten,8087,7603,8536,110,43,174,12.271471787452313,404.6511627906977
Buren,10386,10018,10829,93,44,229,8.095428229187476,520.4545454545454
Bussum,15352,14902,15628,2,0,7,4.871829284659768,inf
Capelle aan den IJssel,30728,30308,31270,57,2,169,3.1740794509700407,8450.0
Castricum,15459,14939,16056,135,26,219,7.477073431956626,842.3076923076924
Coevorden,15388,15237,16846,60,18,156,10.559821487169387,866.6666666666666
Cranendonck,8781,8567,9007,47,21,68,5.135986926578724,323.8095238095238
Cromstrijen,5622,5506,5635,12,2,83,2.342898656011627,4150.0
Cuijk,10727,10326,11193,131,37,266,8.396281231841954,718.918918918919
Culemborg,11862,11348,12530,147,2,365,10.415932322876273,18250.0
Dalfsen,11391,10869,11889,152,65,187,9.384487993375657,287.6923076923077
Dantumadiel,8065,7858,8164,28,3,63,3.894120641384575,2100.0
De Bilt,19363,19195,19577,50,11,130,1.9901015889554543,1181.8181818181818
De Friese Meren,22707,22691,22724,90,67,114,0.14543210964698972,170.1492537313433
De Fryske Marren,22986,22795,23347,117,21,141,2.421583680631727,671.4285714285714
De Marne,5227,5205,5280,5,2,18,1.4409221902017322,900.0
De Ronde Venen,17836,17570,18517,186,10,360,5.389869095048368,3600.0
De Wolden,10084,9573,10370,74,26,120,8.3254987987047,461.5384615384615
Delft,49627,48035,50904,267,71,765,5.9727282190069815,1077.4647887323945
Delfzijl,12229,11982,12273,19,0,41,2.4286429644466665,inf
Den Helder,27939,26990,28213,129,52,167,4.531307891811778,321.1538461538462
Deurne,13433,12829,13955,76,60,218,8.776989632863035,363.3333333333333
Deventer,43643,42092,45988,375,28,797,9.255915613418225,2846.4285714285716
Diemen,13132,11843,15015,165,41,1218,26.783754116355652,2970.731707317073
Dinkelland,10528,10105,10939,80,33,121,8.253339930727364,366.66666666666663
Dirksland,3345,3345,3345,28,28,28,0.0,100.0
Doesburg,5238,5167,5293,12,2,70,2.4385523514611975,3500.0
Doetinchem,25180,24288,26129,191,137,353,7.579874835309624,257.66423357664235
Dongen,10792,10520,11289,120,15,210,7.309885931558952,1400.0
Dongeradeel,10886,10558,11024,30,15,78,4.41371471869671,520.0
Dordrecht,54853,53973,55279,225,40,512,2.4197283827098772,1280.0
Drechterland,8107,7804,8373,40,18,92,7.291132752434649,511.1111111111111
Drimmelen,11501,11105,11779,72,49,102,6.069338135974789,208.16326530612247
Dronten,17140,16495,17390,173,102,345,5.4258866323128245,338.2352941176471
Druten,7662,7290,8126,79,9,161,11.467764060356657,1788.888888888889
Duiven,10635,10390,10743,26,9,119,3.397497593840228,1322.2222222222222
Echt-Susteren,14450,14086,14595,30,8,80,3.6135169672014626,1000.0
Edam-Volendam,14819,11761,15120,114,64,311,28.560496556415274,485.9375
Ede,48250,46871,49703,653,204,1043,6.042115593864011,511.27450980392155
Eemnes,3665,3438,4008,50,2,121,16.57940663176265,6050.0
Eemsmond,7410,7349,7471,8,4,50,1.6600898081371724,1250.0
Eersel,8008,7647,8402,66,35,207,9.873152870406685,591.4285714285714
Eijsden-Margraten,10888,10415,11326,67,37,193,8.746999519923193,521.6216216216216
Eindhoven,106732,101413,112965,995,399,1871,11.391044540640749,468.922305764411
Elburg,9170,8659,9356,58,16,226,8.049428340455009,1412.5
Emmen,49120,48540,51220,118,11,332,5.521219612690558,3018.1818181818185
Enkhuizen,8642,8343,8824,35,1,58,5.765312237804139,5800.0
Enschede,74588,73672,75222,360,220,587,2.1039200781843874,266.8181818181818
Epe,14097,13662,14586,71,2,264,6.763285024154598,13200.0
Ermelo,10785,10296,11156,81,0,193,8.352758352758343,inf
Etten-Leur,18408,17468,19093,121,74,387,9.302724982825737,522.972972972973
Ferwerderadiel,3847,3741,3860,2,0,43,3.180967655707036,inf
Franekeradeel,9492,9269,9510,24,7,60,2.6000647319020374,857.1428571428571
Gaasterlân-Sleat,4642,4493,4791,32,13,51,6.632539505898066,392.30769230769226
Geertruidenberg,9560,9376,9639,8,1,84,2.8050341296928423,8400.0
Geldermalsen,10561,10369,10940,92,27,184,5.506799112739898,681.4814814814815
Geldrop-Mierlo,17305,17105,17746,57,18,181,3.7474422683425814,1005.5555555555555
Gemert-Bakel,12451,11772,12754,100,79,189,8.341828066598708,239.2405063291139
Gennep,7324,7088,7450,26,2,137,5.107223476297975,6850.0
Giessenlanden,5827,5714,5927,34,7,127,3.727686384319213,1814.2857142857142
Gilze en Rijen,11138,10237,11301,79,16,247,10.39367002051381,1543.75
Goedereede,4788,4788,4788,128,128,128,0.0,100.0
Goeree-Overflakkee,21002,20182,21855,266,101,453,8.289564958874251,448.51485148514854
Goes,17748,17321,18553,183,81,292,7.112753305236424,360.4938271604938
Goirle,9906,9703,10363,64,3,179,6.802019993816359,5966.666666666666
Gooise Meren,26342,26137,26679,137,68,175,2.073688640624411,257.3529411764706
Gorinchem,16092,15569,17210,140,3,444,10.540175990750853,14800.0
Gouda,31868,30704,33439,258,133,507,8.907634184471064,381.203007518797
Graafstroom,3519,3519,3519,70,70,70,0.0,100.0
Graft-De Rijp,2585,2572,2591,3,2,6,0.7387247278382745,300.0
Grave,5304,5083,5465,17,1,147,7.515246901436171,14700.0
Groesbeek,8139,7655,15093,184,60,302,97.16525146962769,503.3333333333333
Groningen (gemeente),99250,93324,116445,899,149,2014,24.774977497749774,1351.6778523489934
Grootegast,4938,4699,5007,35,11,80,6.554586082145136,727.2727272727273
Gulpen-Wittem,6791,6362,6867,19,1,108,7.9377554228230025,10800.0
Haaksbergen,10162,9790,10497,68,25,94,7.22165474974463,376.0
Haaren,5429,5121,5957,79,33,281,16.324936535832848,851.5151515151515
Haarlem,73674,71173,76436,472,127,679,7.3946580866339815,534.6456692913387
Haarlemmerliede en Spaarnwoude,2276,2200,2357,37,0,57,7.136363636363626,inf
Haarlemmermeer,59699,58757,64195,417,140,1025,9.255067481321362,732.1428571428571
Halderberge,13034,12664,13399,75,24,188,5.803853442830075,783.3333333333333
Hardenberg,23864,23260,24810,195,111,358,6.663800515907141,322.52252252252254
Harderwijk,18873,18433,19942,125,45,441,8.18640481744697,980.0000000000001
Hardinxveld-Giessendam,7130,7012,7451,47,15,139,6.2606959498003505,926.6666666666667
Haren,8615,8497,8925,23,5,183,5.037071907732155,3660.0
Harenkarspel,6246,6246,6246,12,12,12,0.0,100.0
Harlingen,7533,7371,7798,45,5,161,5.792972459639117,3220.0000000000005
Hattem,5240,5035,5298,30,16,90,5.22343594836147,562.5
Heemskerk,17439,17012,17578,55,1,165,3.3270632494709673,16500.0
Heemstede,12511,11751,12628,46,10,194,7.463194621734331,1939.9999999999998
Heerde,7803,7402,7924,53,16,172,7.052148068089707,1075.0
Heerenveen,23230,19709,23532,161,90,288,19.39722969201887,320.0
Heerhugowaard,22311,21273,23913,280,98,523,12.410097306444783,533.6734693877551
Heerlen,45373,45169,45976,54,13,111,1.7866235692621188,853.8461538461538
Heeze-Leende,6628,6341,6861,53,22,119,8.200599274562379,540.9090909090909
Heiloo,10233,9864,10775,131,24,213,9.235604217356055,887.5
Hellendoorn,14526,14319,14889,73,30,121,3.9807249109574627,403.3333333333333
Hellevoetsluis,17305,17131,17967,47,1,104,4.880042029070111,10400.0
Helmond,39407,38363,40788,385,155,426,6.321194901337222,274.8387096774194
Hendrik-Ido-Ambacht,11725,11392,12314,102,3,298,8.093398876404507,9933.333333333332
Hengelo (O.),37888,37131,38701,144,122,354,4.228272871724428,290.1639344262295
Het Hogeland,22687,22631,22743,119,108,130,0.4948963810702054,120.37037037037037
Heumen,6991,6700,7206,40,0,67,7.552238805970163,inf
Heusden,18281,17748,19193,132,42,433,8.141762452107272,1030.952380952381
Hillegom,9399,8978,9849,82,5,257,9.701492537313428,5140.0
Hilvarenbeek,6476,6115,6724,66,29,156,9.95911692559281,537.9310344827586
Hilversum,41123,38937,42676,203,77,512,9.602691527339033,664.9350649350649
Hoeksche Waard,37681,37542,37821,333,288,379,0.7431676522295021,131.59722222222223
Hof van Twente,14903,14643,15211,76,27,144,3.878986546472717,533.3333333333333
Hollands Kroon,20554,20011,20882,122,68,189,4.352606066663341,277.94117647058823
Hoogeveen,24504,23279,25236,167,58,290,8.406718501653842,500.0
Hoogezand-Sappemeer,15939,15769,16379,45,1,81,3.8683492929164913,8100.0
Hoorn,32423,30947,33086,147,118,523,6.9118169774129825,443.22033898305085
Horst aan de Maas,17431,16594,17839,141,69,192,7.502711823550683,278.2608695652174
Houten,19542,18971,20417,157,63,221,7.622160139159774,350.7936507936508
Huizen,18592,18242,18924,57,6,90,3.7386251507510053,1500.0
Hulst,13272,13046,13587,91,34,126,4.146864939445052,370.5882352941177
IJsselstein,14169,13726,14407,26,11,145,4.961387148477343,1318.1818181818182
Kaag en Braassem,11056,10520,11726,156,14,232,11.463878326996195,1657.1428571428573
Kampen,21343,20845,22517,219,16,425,8.021108179419528,2656.25
Kapelle,5223,5005,5403,50,23,72,7.9520479520479626,313.04347826086956
Katwijk,25814,24307,26869,275,123,502,10.540173612539604,408.130081300813
Kerkrade,23771,21338,24014,72,11,119,12.541006654794273,1081.8181818181818
Koggenland,9220,8847,9473,67,23,159,7.075844919181648,691.3043478260869
Kollumerland en Nieuwkruisland,5452,5413,5524,17,2,65,2.050618880472939,3250.0
Korendijk,4395,4355,4595,21,2,100,5.510907003444316,5000.0
Krimpen aan den IJssel,12333,12109,12636,56,2,340,4.352134775786595,17000.0
Krimpenerwaard,23555,23265,23933,205,87,299,2.8712658499892427,343.67816091954023
Laarbeek,9231,8755,9531,92,9,247,8.8635065676756,2744.4444444444443
Landerd,6004,5698,6403,39,13,167,12.372762372762367,1284.6153846153848
Landgraaf,17969,17833,18142,43,9,121,1.7327426680872549,1344.4444444444446
Landsmeer,4668,4391,4896,41,0,186,11.500797084946484,inf
Langedijk,11295,10696,11650,88,50,165,8.919222139117423,330.0
Lansingerland,22942,21230,24245,344,198,462,14.201601507300992,233.33333333333334
Laren (NH.),5181,4971,5400,11,2,122,8.630054315027152,6100.0
Leek,8412,8057,8614,90,25,238,6.913243142608906,952.0
Leerdam,8686,8480,8875,91,2,192,4.658018867924511,9600.0
Leeuwarden,54245,46778,62599,417,228,546,33.821454529907214,239.47368421052633
Leeuwarderadeel,4333,4256,4353,4,1,14,2.279135338345867,1400.0
Leiden,56636,53613,59832,568,86,1193,11.599798556320295,1387.2093023255816
Leiderdorp,12016,11838,12121,4,0,261,2.390606521371865,inf
Leidschendam-Voorburg,36398,35868,36944,81,3,222,2.999888479982161,7400.0
Lelystad,32755,32216,33385,146,43,414,3.628631735783472,962.7906976744185
Lemsterland,6375,6315,6435,42,26,58,1.9002375296912248,223.0769230769231
Leudal,15718,15231,15992,55,18,170,4.996388943601858,944.4444444444445
Leusden,12425,12133,13043,106,7,250,7.500206049616736,3571.4285714285716
Liesveld,3762,3762,3762,9,9,9,0.0,100.0
Lingewaal,4501,4288,4594,52,16,103,7.136194029850756,643.75
Lingewaard,19423,18539,19872,140,75,208,7.190247586169704,277.33333333333337
Lisse,10049,9637,10330,70,6,153,7.191034554321888,2550.0
Littenseradiel,4527,4496,4551,15,8,36,1.22330960854093,450.0
Lochem,14624,14119,15096,106,56,149,6.919753523620642,266.07142857142856
Loon op Zand,10110,9864,10409,91,17,170,5.525141930251422,1000.0
Lopik,5488,5315,5741,54,20,107,8.015051740357478,535.0
Loppersum,4648,4478,4698,25,2,141,4.912907548012498,7050.0
Losser,9559,9291,9789,65,30,137,5.360025831449789,456.66666666666663
Maasdonk,4559,4553,4589,43,23,53,0.7906874588183683,230.43478260869566
Maasdriel,9695,9484,10115,83,28,159,6.653310839308318,567.8571428571429
Maasgouw,10601,10280,10856,33,6,125,5.603112840466935,2083.333333333333
Maassluis,14938,14459,15186,124,41,232,5.028010235839275,565.8536585365854
Maastricht,61021,59234,61955,94,0,443,4.593645541412016,inf
Marum,4254,4113,4396,26,7,59,6.880622416727448,842.8571428571429
Medemblik,18402,17346,19100,160,82,208,10.111841346708175,253.65853658536585
Meerssen,8569,8345,8629,5,1,37,3.4032354703415137,3700.0
Meierijstad,33788,33148,34544,377,312,414,4.211415470013264,132.69230769230768
Menameradiel,5835,5630,5851,7,6,22,3.925399644760219,366.66666666666663
Menterwolde,5406,5369,5411,10,0,59,0.7822685788787567,inf
Meppel,15177,14352,15851,147,28,242,10.444537346711272,864.2857142857142
Middelburg (Z.),23167,22576,23683,106,27,162,4.903437278525871,600.0
Middelharnis,7586,7586,7586,33,33,33,0.0,100.0
Midden-Delfland,7649,7195,7904,100,26,134,9.854065323141057,515.3846153846155
Midden-Drenthe,14045,13950,14378,50,20,145,3.0681003584229245,725.0
Midden-Groningen,28074,28025,28167,139,42,279,0.5066904549509275,664.2857142857143
Mill en Sint Hubert,4511,4378,4627,32,5,57,5.68752855185015,1140.0
Millingen aan de Rijn,2528,2486,2564,38,1,39,3.1375703942075717,3900.0
Moerdijk,16116,15708,16501,102,16,178,5.048382989559457,1112.5
Molenlanden,17182,17160,17205,114,76,152,0.26223776223777406,200.0
Molenwaard,10981,10840,11206,68,39,122,3.3763837638376373,312.8205128205128
Montferland,15281,14625,15917,127,44,231,8.834188034188031,525.0
Montfoort,5572,5350,5740,15,1,83,7.289719626168221,8300.0
Mook en Middelaar,3561,3476,3617,16,7,56,4.056386651323351,800.0
Muiden,2768,2754,2800,1,0,2,1.6702977487291122,inf
Naarden,7540,7517,7666,7,1,119,1.9821737395237449,11900.0
Neder-Betuwe,8391,8048,8867,103,7,171,10.17644135188867,2442.8571428571427
Nederlek,6091,5931,6152,94,50,143,3.7261844545607943,286.0
Nederweert,7165,6916,7457,69,39,92,7.822440717177571,235.8974358974359
Neerijnen,4661,4607,4898,40,4,89,6.316474929455168,2225.0
Nieuw-Lekkerland,3467,3467,3467,19,19,19,0.0,100.0
Nieuwegein,27799,26411,28844,140,18,320,9.2120707281057,1777.7777777777778
Nieuwkoop,10835,10346,11498,161,68,239,11.134738063019526,351.4705882352941
Nijkerk,16131,15519,17321,170,32,326,11.611572910625682,1018.75
Nijmegen,78678,74162,81717,863,472,1411,10.187157843639596,298.9406779661017
Nissewaard,39059,38832,39225,192,46,365,1.0120519159456194,793.4782608695652
Noardeast-Fryslân,20512,20395,20630,166,102,230,1.1522431968619742,225.49019607843138
Noord-Beveland,4347,4096,4460,29,0,89,8.88671875,inf
Noordenveld,14558,14094,14817,58,19,135,5.129842486164321,710.5263157894738
Noordoostpolder,19535,18759,20134,147,61,311,7.329815022122716,509.83606557377044
Noordwijk,12389,12058,19930,54,5,246,65.28445845082103,4920.0
Noordwijkerhout,6922,6428,7156,96,36,217,11.325451151213443,602.7777777777777
"Nuenen, Gerwen en Nederwetten",10017,9449,10285,76,3,159,8.84749708963912,5300.0
Nunspeet,10449,10167,10957,101,29,256,7.770237041408464,882.7586206896551
Nuth,6941,6815,6956,11,1,59,2.068965517241381,5900.0
Oegstgeest,10379,9822,10862,164,10,219,10.588474852372215,2190.0
Oirschot,7437,6906,7965,80,1,120,15.334491746307563,12000.0
Oisterwijk,11178,10768,11619,78,13,151,7.903046062407128,1161.5384615384614
Oldambt,18382,18073,18540,41,13,111,2.5839650307087965,853.8461538461538
Oldebroek,9090,8610,9318,73,37,151,8.22299651567944,408.10810810810807
Oldenzaal,14284,13948,14614,55,10,177,4.774878118726704,1770.0
Olst-Wijhe,7448,7066,7724,65,23,122,9.312199264081514,530.4347826086956
Ommen,7289,6831,8137,77,5,139,19.118723466549554,2780.0
Onderbanken,3654,3636,3658,2,1,4,0.6050605060506058,400.0
Oost Gelre,12692,12288,12910,63,28,99,5.061848958333329,353.57142857142856
Oosterhout,24248,23318,25158,202,16,434,7.890899734110988,2712.5
Oostflakkee,4247,4247,4247,1,1,1,0.0,100.0
Ooststellingwerf,11172,11137,11303,18,0,168,1.490527071922429,inf
Oostzaan,4048,3878,4108,24,4,118,5.930892212480671,2950.0
Opmeer,4680,4562,4852,39,3,124,6.356861025865854,4133.333333333334
Opsterland,12873,12460,13064,81,22,164,4.847512038523277,745.4545454545454
Oss,38831,35396,40325,333,195,417,13.925302294044513,213.84615384615384
Oud-Beijerland,9827,9515,10187,87,14,238,7.062532842879648,1700.0
Oude IJsselstreek,17252,16689,17401,72,29,115,4.266283180538082,396.55172413793105
Ouder-Amstel,5851,5733,6296,54,1,134,9.820338391766967,13400.0
Ouderkerk,3249,3188,3265,29,28,73,2.415307402760348,260.7142857142857
Oudewater,4270,3989,4372,31,11,108,9.6014038606167,981.8181818181819
Overbetuwe,19251,18190,19947,154,114,237,9.659153380978552,207.89473684210526
Papendrecht,14251,13938,14397,47,1,93,3.2931554024967795,9300.0
Peel en Maas,18001,17198,18399,147,53,242,6.983370159320842,456.6037735849057
Pekela,5774,5648,5777,5,2,15,2.2839943342776223,750.0
Pijnacker-Nootdorp,20135,19154,21536,268,67,412,12.436044690404088,614.9253731343283
Purmerend,35581,34893,36701,210,58,668,5.181555039692782,1151.7241379310344
Putten,9649,9382,9825,82,31,174,4.721807716904721,561.2903225806452
Raalte,15385,15228,15902,132,70,206,4.426057262936695,294.28571428571433
Reimerswaal,8994,8662,9298,84,40,181,7.342415146617427,452.50000000000006
Renkum,14653,14486,14985,58,3,134,3.4447052326383982,4466.666666666666
Renswoude,1885,1752,2134,27,2,117,21.80365296803653,5850.0
Reusel-De Mierden,5275,5021,5484,51,24,77,9.221270663214497,320.83333333333337
Rheden,20970,20189,21212,62,23,194,5.067115756104812,843.4782608695652
Rhenen,7755,7482,8225,80,1,245,9.930499866345883,24500.0
Ridderkerk,20747,19862,21140,77,3,356,6.43439734165743,11866.666666666668
Rijnwaarden,4782,4722,4795,5,3,8,1.545955103769586,266.66666666666663
Rijnwoude,7447,7399,7495,31,17,45,1.2974726314366904,264.70588235294116
Rijssen-Holten,14298,13714,14760,137,25,184,7.627242234213199,736.0
Rijswijk (ZH.),25606,24442,26905,266,53,482,10.076916782587347,909.433962264151
Roerdalen,9405,9016,9477,33,1,90,5.1131322094055065,9000.0
Roermond,27111,26531,27649,110,83,166,4.213938411669375,200.0
Roosendaal,34718,33869,35363,142,28,254,4.41111340754081,907.1428571428571
Rotterdam,311168,306227,315565,1114,525,2006,3.0493718711935855,382.0952380952381
Rozendaal,635,627,688,6,0,27,9.728867623604472,inf
Rucphen,9534,9194,9822,51,13,132,6.830541657602794,1015.3846153846154
Schagen,19814,8302,20334,118,38,220,144.92893278728016,578.9473684210526
Schermer,2179,2169,2182,2,1,17,0.5993545412632528,1700.0
Scherpenzeel,3725,3632,4002,48,14,98,10.187224669603538,700.0
Schiedam,36751,35834,37292,112,53,337,4.068761511413726,635.8490566037735
Schiermonnikoog,584,578,591,1,0,9,2.2491349480968807,inf
Schijndel,9705,9223,9862,53,38,346,6.928331345549182,910.5263157894736
Schinnen,5916,5884,5952,6,0,24,1.1556764106050395,inf
Schoonhoven,5049,5039,5179,124,3,153,2.7783290335384123,5100.0
Schouwen-Duiveland,16732,16457,16783,126,23,189,1.980919973263667,821.7391304347826
Simpelveld,5207,5101,5320,6,0,73,4.293275828268975,inf
Sint Anthonis,4746,4601,4863,15,3,55,5.694414257770035,1833.3333333333333
Sint-Michielsgestel,11738,11310,12183,93,45,233,7.7188328912466915,517.7777777777778
Sint-Oedenrode,7344,7287,7422,19,5,27,1.8526142445450802,540.0
Sittard-Geleen,46058,44973,46625,163,60,306,3.6733151001712088,509.99999999999994
Skarsterlân,12089,12085,12094,22,12,32,0.07447248655358862,266.66666666666663
Sliedrecht,10722,10413,11018,126,26,216,5.810045135887833,830.7692307692308
Slochteren,6670,6480,6787,40,10,94,4.7376543209876445,940.0
Sluis,13986,13611,15755,92,10,131,15.751965322165901,1310.0
Smallingerland,25377,24316,25768,157,42,225,5.971376871195915,535.7142857142857
Soest,20282,19835,20699,62,10,235,4.3559364759263985,2350.0
Someren,7783,7236,8113,81,22,137,12.1199557766722,622.7272727272727
Son en Breugel,6906,6437,7192,79,15,154,11.729066335249343,1026.6666666666667
Spijkenisse,33332,32781,33777,198,132,247,3.038345382996255,187.12121212121212
Stadskanaal,15274,14895,15304,25,6,91,2.7458878818395362,1516.6666666666665
Staphorst,5688,5450,5933,60,11,113,8.862385321100902,1027.2727272727273
Stede Broec,9025,8808,9207,41,17,84,4.529972752043591,494.11764705882354
Steenbergen,10067,9996,10433,66,16,129,4.371748699479781,806.25
Steenwijkerland,19636,19461,20172,126,46,182,3.653460767689225,395.65217391304344
Stein (L.),11623,11330,11800,39,1,77,4.14827890556046,7700.0
Stichtse Vecht,27561,26617,28549,88,57,463,7.258518991621884,812.280701754386
Strijen,3877,3828,3951,24,3,66,3.2131661442006134,2200.0
Súdwest-Fryslân,39013,36706,42119,191,91,333,14.746907862474785,365.9340659340659
Ten Boer,3017,2959,3052,5,0,23,3.142953700574509,inf
Terneuzen,26675,25924,26966,127,50,235,4.01944144422157,470.0
Terschelling,2229,2156,2293,6,0,52,6.354359925788501,inf
Texel,6470,6249,6651,49,7,123,6.433029284685546,1757.1428571428573
Teylingen,14952,14339,16048,178,18,424,11.918543831508472,2355.5555555555557
Tholen,10626,10352,10983,103,22,116,6.095440494590406,527.2727272727273
Tiel,17682,17320,18080,82,16,196,4.387990762124701,1225.0
Tilburg,95779,90698,100418,1097,351,1880,10.71688460605526,535.6125356125357
Tubbergen,8247,7866,8604,64,36,148,9.382151029748286,411.1111111111111
Twenterand,13609,13097,13819,54,20,121,5.512712835000386,605.0
Tynaarlo,14119,13857,14500,98,29,114,4.640254023237361,393.10344827586204
Tytsjerksteradiel,13646,13252,14044,59,44,169,5.976456383942036,384.09090909090907
Ubbergen,4212,4066,4283,35,13,37,5.336940482046231,284.61538461538464
Uden,18110,17266,19018,144,71,314,10.147109927024218,442.2535211267606
Uitgeest,5548,5221,5713,32,3,108,9.423482091553353,3600.0
Uithoorn,12771,12279,12948,109,34,427,5.448326410945526,1255.8823529411764
Urk,6198,5375,6663,87,0,187,23.96279069767442,inf
Utrecht (gemeente),149322,142977,156678,2255,970,2648,9.582660148135716,272.9896907216495
Utrechtse Heuvelrug,21358,21055,21821,103,5,244,3.6380907147946004,4880.0
Vaals,5241,5157,5806,14,0,314,12.584836145045571,inf
Valkenburg aan de Geul,8169,7870,8309,20,0,87,5.578144853875472,inf
Valkenswaard,14272,13931,14805,113,13,188,6.273777905390858,1446.1538461538462
Veendam,12723,12508,12843,21,3,62,2.6782858970259014,2066.666666666667
Veenendaal,26702,24636,28353,326,221,545,15.087676570871892,246.60633484162898
Veere,10831,10548,10967,53,15,70,3.9723170269245287,466.6666666666667
Veghel,15507,15307,15753,172,92,184,2.9136996145554264,200.0
Veldhoven,19280,18796,19913,124,42,219,5.94275377739946,521.4285714285714
Velsen,30621,29640,31226,154,13,283,5.350877192982466,2176.923076923077
Venlo,46424,46150,47412,148,101,272,2.7345612134344464,269.3069306930693
Venray,18790,18121,19137,116,96,231,5.606754594117319,240.625
Vianen,8182,8056,8437,84,13,329,4.729394240317774,2530.7692307692305
Vijfheerenlanden,23621,23418,23824,400,380,421,1.7337091126483841,110.78947368421052
Vlaardingen,34901,34046,35470,219,104,399,4.182576514127945,383.6538461538462
Vlagtwedde,7573,7436,7856,23,12,210,5.648197955890268,1750.0
Vlieland,564,527,579,1,0,26,9.867172675521815,inf
Vlissingen,22434,21907,22907,73,6,204,4.564750992833339,3400.0
Vlist,3958,3954,3980,13,11,34,0.6575619625695452,309.09090909090907
Voerendaal,5733,5439,5819,24,0,65,6.98657841514985,inf
Voorschoten,11210,10951,11465,7,4,91,4.693635284448902,2275.0
Voorst,10174,9408,10641,93,16,145,13.105867346938766,906.25
Vught,11257,10619,11519,86,20,129,8.475374329032874,645.0
Waadhoeke,21112,21003,21228,132,93,150,1.0712755320668492,161.29032258064515
Waalre,7551,7030,7765,45,3,151,10.455192034139401,5033.333333333334
Waalwijk,20952,20138,21948,190,96,265,8.987982917866717,276.04166666666663
Waddinxveen,11248,10398,12332,242,84,406,18.599730717445667,483.3333333333333
Wageningen,17721,14486,19648,284,131,536,35.63440563302498,409.1603053435114
Wassenaar,12191,12078,12222,23,8,66,1.1922503725782434,825.0
Waterland,7241,7026,7319,33,2,149,4.170224879020793,7450.0
Weert,22402,21276,22948,151,28,283,7.858620041361149,1010.7142857142858
Weesp,8715,8387,9197,65,35,196,9.65780374388936,560.0
Werkendam,10415,10200,10830,106,9,231,6.17647058823529,2566.666666666667
West Betuwe,20792,20710,20875,164,135,194,0.7967165620473224,143.70370370370372
West Maas en Waal,7959,7520,8222,83,54,159,9.335106382978722,294.44444444444446
Westerkwartier,27177,27045,27309,223,196,251,0.9761508596782988,128.0612244897959
Westerveld,8312,8087,8529,14,0,52,5.4655620131074585,inf
Westervoort,6578,6414,6723,29,4,92,4.817586529466794,2300.0
Westerwolde,11969,11963,11982,11,10,17,0.15882303769959094,170.0
Westland,42622,40761,45063,583,255,896,10.554206226540089,351.37254901960785
Weststellingwerf,11495,11210,11711,66,16,109,4.4692239072256825,681.25
Westvoorne,6732,6484,6890,37,4,142,6.261566933991361,3550.0
Wierden,9596,9326,9860,78,58,196,5.725927514475671,337.9310344827586
Wijchen,17518,16920,18023,93,23,303,6.518912529550832,1317.3913043478262
Wijdemeren,10381,10182,10707,88,19,162,5.15615792575133,852.6315789473686
Wijk bij Duurstede,9857,9337,10107,106,23,161,8.246760201349474,700.0
Winsum,6021,5825,6044,8,1,62,3.759656652360505,6200.0
Winterswijk,12891,12321,13139,45,8,85,6.639071503936364,1062.5
Woensdrecht,9647,9226,9866,33,5,111,6.936917407327115,2220.0
Woerden,21403,20524,22106,170,69,294,7.708049113233287,426.0869565217392
Wormerland,6696,6512,6971,44,4,156,7.048525798525802,3900.0
Woudenberg,4893,4662,5188,72,12,137,11.282711282711276,1141.6666666666665
Woudrichem,5888,5639,6081,50,9,128,7.838269196666076,1422.2222222222222
Zaanstad,66961,65099,68947,398,219,865,5.910997096729602,394.9771689497717
Zaltbommel,10985,10096,11623,175,75,237,15.124801901743254,316.0
Zandvoort,9450,9204,9708,28,0,52,5.475880052151254,inf
Zederik,5470,5279,5588,56,14,77,5.853381322220102,550.0
Zeevang,2556,2542,2573,7,1,16,1.2195121951219505,1600.0
Zeewolde,8166,7913,8678,61,15,210,9.667635536459002,1400.0
Zeist,27957,26534,29245,321,13,498,10.217079972865008,3830.7692307692305
Zevenaar,14677,14062,19970,75,14,251,42.01393827336085,1792.8571428571427
Zijpe,4807,4807,4807,24,24,24,0.0,100.0
Zoetermeer,55377,53029,56458,211,122,825,6.466273171283632,676.2295081967213
Zoeterwoude,3365,3204,3532,41,1,202,10.237203495630467,20200.0
Zuidhorn,7732,7474,7883,55,9,85,5.472303987155485,944.4444444444445
Zuidplas,16787,16175,18031,214,34,475,11.474497681607417,1397.0588235294117
Zundert,9197,8972,9472,96,27,126,5.57289344627732,466.6666666666667
Zutphen,21698,20988,22267,163,51,361,6.093958452449016,707.8431372549019
Zwartewaterland,8648,8352,8942,81,40,118,7.064176245210717,295.0
Zwijndrecht,20394,20154,20537,46,1,154,1.9003671727696627,15400.0
Zwolle,55473,53314,58492,546,408,873,9.71227069812808,213.97058823529412
het Bildt,4612,4496,4697,10,0,52,4.470640569395016,inf
